epoch,train_total_loss,validation_total_loss
1,5.2628,5.0698
2,4.3905,4.6303
3,4.0157,4.3048
4,3.7745,4.0983
5,3.5504,3.945
6,3.3637,3.8136
7,3.2368,3.7188
8,3.1247,3.6662
9,3.0206,3.5446
10,2.9622,3.5111
11,2.877,3.4973
12,2.8054,3.4324
13,2.7637,3.4021
14,2.7148,3.3807
15,2.6632,3.4026
16,2.6227,3.3524
17,2.5791,3.3436
18,2.5367,3.2975
19,2.5068,3.3391
20,2.4918,3.3264
21,2.4672,3.2486
22,2.4424,3.243
23,2.4084,3.2483
24,2.3783,3.3079
25,2.3589,3.2285
26,2.344,3.2517
27,2.3302,3.2535
28,2.3164,3.2237
29,2.3116,3.2086
30,2.2984,3.2169
31,2.2652,3.2025
32,2.2564,3.2956
33,2.235,3.2123
34,2.2425,3.2202
35,2.2096,3.1439
36,2.1917,3.1699
37,2.1873,3.2202
38,2.178,3.152
39,2.1937,3.1255
40,2.1514,3.2177
